MSE,MAE,MAPE,cos_sim,epochs
30021.33127404785,15226.09,14568.162,0.028203193,50
MSE,MAE,MAPE,epochs
16155.011740765944,7249.3213,8688.607,50
