MSE,MAE,MAPE,cos_sim,epochs
36813.7678398966,36598.258,0.514148,214.95113,12
MSE,MAE,MAPE,cos_sim,epochs
18589.08092812609,18377.453,0.05955429,211.5497,25
