MSE,MAE,MAPE,cos_sim,epochs
197617.68052653485,197413.95,0.39058644,203.30624,100
MSE,epochs
269656.29066551046,46
