MSE,MAE,MAPE,cos_sim,epochs
15239.7707025892,14974.979,10.737068,254.05296,5
MSE,MAE,MAPE,cos_sim,epochs
44552.545053461545,44306.184,24.935318,221.47623,10
