MSE,MAE,MAPE,cos_sim,epochs
122167261.47726627,122164200.0,2841.5703,263.41684,50
MSE,MAE,MAPE,cos_sim,epochs
34838886.14970451,34639184.0,36108.164,163643.45,50
MSE,MAE,MAPE,epochs
54837766.1477305,54785350.0,3312.3965,43
